product_name,inventory_value,clean_name
PANTOSEC DSR CAP 10'C ,344023.1,PANTOSEC DSR
AZICIP 500MG 3'T (24),279480.96,AZICIP 500MG
PANTOSEC 40MG TAB 10'T ,199744.8,PANTOSEC 40MG
AZICIP 250 MG TAB 6'T ,196330.56,AZICIP 250
NICIP PLUS 10'T ,171985.0,NICIP PLUS
NFLOX TZ TAB ,169899.52,NFLOX TZ
CHESTON COLD TAB (WHITE) ,165225.40000000002,CHESTON COLD WHITE
CIPCAL 500MG TAB 15'T ,143573.13999999998,CIPCAL 500MG
AMOXYCLAV 625 MG 10'TAB ,127207.51,AMOXYCLAV 625
REXCOF DX SYRUP 100ML ,107831.36,REXCOF DX
NICIP 100MG 10'T ,99413.45,NICIP 100MG
FLUKA 150MG TAB 1'T ,95337.0,FLUKA 150MG
ZYMOX-500 CAP 10'C ,94750.89,ZYMOX-500
OFLOTAS OZ TAB 10'T ,89233.68,OFLOTAS OZ
RELIEF TAB 10'T' ,87481.32,RELIEF
REACTIN PLUS TAB 10'T ,83522.49,REACTIN PLUS
AMLIP 5 MG  TAB 10'T ,78728.31,AMLIP 5
FERICIP XT TAB 10'T ,77192.06,FERICIP XT
FENAK PLUS RANBAXY TAB 10'T ,76749.9,FENAK PLUS RANBAXY
GRISOLAB 250 MG TAB 10'T ,74417.92,GRISOLAB 250
INTAGESIC MR TAB 10'T ,63429.91,INTAGESIC MR
LABOCLOX LB CAP 10'C ,62076.81,LABOCLOX LB
NO SCARS CREAM 20GM ,61385.19,NO SCARS CREAM 20GM
ALKEMOX 500CAP 15'T ,56658.0,ALKEMOX 500CAP
OPTIMOX 500MG TAB ,56022.5,OPTIMOX 500MG
NODARD PLUS TAB 10'T ,55936.2,NODARD PLUS
MELAMET CREAM 15GM ,55446.66,MELAMET CREAM 15GM
AMOXYCLAV 375MG TAB 10'T ,54443.69,AMOXYCLAV 375MG
TRICARE MR TAB 10'T ,54220.0,TRICARE MR
MYFAIR OINT 20GM ,53922.89,MYFAIR OINT 20GM
CIPMOX 500 MG CAP YELLOW 15'T (12),53429.24,CIPMOX 500 YELLOW
MECOFOL PLUS CAP 10'C ,51983.78,MECOFOL PLUS
CIFTOX AZ LB TAB(NEW PACK) ,51965.0,CIFTOX AZ LB NEW PACK
SKINSHINE CREAM 15GM ,49350.1,SKINSHINE CREAM 15GM
CLINSOL GEL 15GM ,49115.0,CLINSOL GEL 15GM
DA ZEAGRA TAB 4'T ,48903.310000000005,DA ZEAGRA
CTZ TAB  (60*20) ,47753.48,CTZ 6020
ITRATEK 200MG CAP 10'C ,45840.0,ITRATEK 200MG
CIPRODAC 500MG 10'T ,45689.5,CIPRODAC 500MG
NIMUCET  TAB10'T ,44305.67,NIMUCET
CIPCAL D3 SACHET 1GM ,41837.43,CIPCAL D3 SACHET 1GM
SKINSHINE CREAM 30GM ,41313.0,SKINSHINE CREAM 30GM
DERMI 5 CREAM 15GM (38),41248.8,DERMI 5 CREAM 15GM
GLIMDA MV 1 10'T ,41185.79,GLIMDA MV 1
RABESEC DSR CAP 10'C ,39588.64,RABESEC DSR
CALCITAS D3  4'C ,38774.16,CALCITAS D3
OPTINEURON FORTE TAB 30T ,38052.61,OPTINEURON FORTE 30T
CEFIJET TAB 10'T ,37075.61,CEFIJET
GLIMDA MV 2 TAB 10'T ,37059.01,GLIMDA MV 2
CEFINTA O TAB 10'T ,36385.0,CEFINTA O
COBATE GM OINT 10GM ,36360.0,COBATE GM OINT 10GM
FASTAC (NEW)FAST ACTION PAIN RELIEF 15'TAB ,36043.81,FASTAC NEWFAST ACTION PAIN RELIEF
MUPICIP CREAM 15GM ,35841.6,MUPICIP CREAM 15GM
ACEMIZ MR  10'T ,35314.08,ACEMIZ MR
GLOWLOOK CREAM 15GM ,34975.0,GLOWLOOK CREAM 15GM
TROYPOD 200 MG TAB 10'T ,34972.9,TROYPOD 200
AZIVISTA 250MG TAB 6'T ,33835.0,AZIVISTA 250MG
CIPMOX 250 MG CAP 15'C ,33805.94,CIPMOX 250
BILACIP TAB 10'T ,33745.0,BILACIP
MILLENNIUM STUD 5000 SPRAY 20GM ,33258.24,MILLENNIUM STUD 5000 SPRAY 20GM
DOXY L CAP ALUMINIUM 10'C ,32898.54,DOXY L ALUMINIUM
CEFIX 200 MG TAB 10'T ,32246.3,CEFIX 200
GENMOX CV 625 MG TAB 10'T ,31979.0,GENMOX CV 625
ALMOX CV 625 (10S) ,31588.0,ALMOX CV 625 10S
MONTECIP LC TAB 10'T ,31573.76,MONTECIP LC
LABMOX 250MG CAP 10'C ,31209.27,LABMOX 250MG
ONECLAV 625MG (10 GOLI TAB) ,30586.0,ONECLAV 625MG 10 GOLI
PREDILAB 5 TAB 15'T ,30455.45,PREDILAB 5
OMNIGEL 10GM OINT ,29781.83,OMNIGEL 10GM OINT
ALMOX 500 (15S) CAP ,29622.0,ALMOX 500 15S
CASTOR NF 15GM ,29010.15,CASTOR NF 15GM
COBATE GM 30GM OINT ,28711.0,COBATE GM 30GM OINT
INTACOXIA MR TAB 10'T ,28459.6,INTACOXIA MR
ACEMIZ S TAB 10'T ,28455.04,ACEMIZ S
C ONE SB 1.5GM INJ ,28317.27,C ONE SB 15GM INJ
SAFEXIM 200 MG TAB 10'T ,27979.2,SAFEXIM 200
VEMOX 500 MG CAP ,27757.99,VEMOX 500
NICCEF TAB 10T ,27435.75,NICCEF 10T
ULTRABRITE CREAM 15GM ,27141.5,ULTRABRITE CREAM 15GM
LUPAMIK INJ 500MG ,26880.48,LUPAMIK INJ 500MG
RZOLE DSR CAP 10'C ,26608.92,RZOLE DSR
ULTRABRITE CREAM 25GM ,26000.550000000003,ULTRABRITE CREAM 25GM
KAYLITE CREAM 15GM ,25930.69,KAYLITE CREAM 15GM
FUL AID GOLD CAP 10'C ,25865.09,FUL AID GOLD
CHYMOTAS FORTE TAB 20'T ,25522.99,CHYMOTAS FORTE
ALMOX 250DT TAB 15'T ,25345.5,ALMOX 250DT
ORASORE ULCER GEL 12GM ,25284.1,ORASORE ULCER GEL 12GM
SCAR LITE CREAM 15GM ,25256.86,SCAR LITE CREAM 15GM
CIPZEN D TAB 10'T ,25152.21,CIPZEN D
RANPREGA CARD ,25142.0,RANPREGA CARD
ESOMIFOR DSR CAP 10'C ,25021.06,ESOMIFOR DSR
EVINAL 400MG CAP 10'C ,25014.5,EVINAL 400MG
MONORIN 150 MG TAB 30'T ,24978.0,MONORIN 150
AZINTAS 500 TAB 3'T ,24970.0,AZINTAS 500
DEMISONE TAB 30X10 ,24688.85,DEMISONE 30X10
MONTIKAST LC 15 GOLI TAB ,24538.8,MONTIKAST LC 15 GOLI
ORS 21GM ORANGE (CIPLA) ,24167.88,ORS 21GM ORANGE CIPLA
LIPVAS 40 MG 10'T ,24124.63,LIPVAS 40
AMIJECT 500 INJ 2ML ,24029.0,AMIJECT 500 INJ
DUOBES 625 TABLET 10'T ,23981.22,DUOBES 625
ROXYLADE TAB 10'T ,23578.3,ROXYLADE
CIPLADINE CREAM 10GM ,23513.79,CIPLADINE CREAM 10GM
OFLOCIN 200 YELLOW BLISTER ,23440.76,OFLOCIN 200 YELLOW BLISTER
CEFROTUX 500MG TAB 10'T ,23210.0,CEFROTUX 500MG
PARA 500 TAB ,23116.5,PARA 500
AMLIP AT TAB 10'T ,23115.69,AMLIP AT
POWERFLAM MR TAB 10'T ,22912.5,POWERFLAM MR
ALKOF COLD N FLU TAB 10'T ,22702.34,ALKOF COLD N FLU
CLEARWAX EAR DROP 10ML ,22508.16,CLEARWAX EAR DROP
OD CAP 30*20 ,22474.28,OD 3020
ITROMED 200 CAP 10'C ,22466.8,ITROMED 200
ALKEMOX - CV 625MG 10'T ,22419.0,ALKEMOX - CV 625MG
PARACIP 650MG TAB 10'T ,22370.02,PARACIP 650MG
MOKCAN 250DT TAB ,22260.0,MOKCAN 250DT
BEATON TAB(DANISH) 10'T ,22228.8,BEATON DANISH
ORAFAST CREAM 15GM ,22206.25,ORAFAST CREAM 15GM
AKNIRED 3D CREAM 20GM ,22167.4,AKNIRED 3D CREAM 20GM
CIPCAL XT TAB 15'T ,22162.1,CIPCAL XT
REACTIN 100 SR TAB 15'T ,21835.8,REACTIN 100 SR
ALMOX 250 (15S) CAPSULE ,21808.25,ALMOX 250 15S
SAFEPODOX 200MG TAB (ALU/ALU) 10'T ,21641.85,SAFEPODOX 200MG ALUALU
NIMUCET GOLD TAB ,21634.44,NIMUCET GOLD
NORFLOKEM TZ TAB 10'T ,21408.5,NORFLOKEM TZ
REBEZ DSR CAP 10'C ,21381.18,REBEZ DSR
DP GESIC TAB OVAL 10'T ,21320.0,DP GESIC OVAL
TETNIS INJ( ABHAY TOX 0.5ML) ,21272.0,TETNIS INJ ABHAY TOX 0
MILLENNIUM STUD 10000 SPRAY 20GM ,21024.0,MILLENNIUM STUD 10000 SPRAY 20GM
OMEE CAP 20MG 20'C ,20914.75,OMEE 20MG
SPASMFREE TAB 10'T ,20671.26,SPASMFREE
DOXYLAB CAP 10'C ,20550.4,DOXYLAB
PARACIP 500 BLUE 10'T ,20421.52,PARACIP 500 BLUE
DICLOWIN PLUS TAB 10'T ,20369.91,DICLOWIN PLUS
MAHANAC MR TAB 10'T ,20279.41,MAHANAC MR
CIPRODAC 250 MG TAB ,20097.0,CIPRODAC 250
OMNIGEL OINT 20GM ,20074.32,OMNIGEL OINT 20GM
ROSUBEST GOLD 10MG CAP 10C ,19890.5,ROSUBEST GOLD 10MG 10C
COLDFRESH TOTAL NF TAB ,19749.99,COLDFRESH TOTAL NF
OMNIGEL 30GM OINT ,19715.09,OMNIGEL 30GM OINT
CALCIQUICK K2 TAB 10'T ,19642.1,CALCIQUICK K2
LIPVAS 20MG TAB 10'T ,19585.9,LIPVAS 20MG
HAIRFUL TAB 15'T ,19453.16,HAIRFUL
ORS ORANGE (CIPLA) 200ML ,19052.21,ORS ORANGE CIPLA
SUHAGRA 100MG TAB 4'T ,18646.8,SUHAGRA 100MG
ACEFILE SP TAB 10'T ,18638.1,ACEFILE SP
CEFX O 200MG (MEDLEY) ,18603.0,CEFX O 200MG MEDLEY
ORS ORANGE (RANBAXY) 200ML ,18478.5,ORS ORANGE RANBAXY
CIP TZ TAB ,18431.050000000003,CIP TZ
SPASMONIL TAB 10'T (34),18318.980000000003,SPASMONIL
CEFROTUX CV TAB 10'T ,18316.77,CEFROTUX CV
OMECIP 20 CAP 15'C ,18306.05,OMECIP 20
REBOZEN DSR CAP 10'C ,18260.0,REBOZEN DSR
VILDADER MET 500MG TAB 15T ,18208.47,VILDADER MET 500MG 15T
VIGROMEN BULLET TAB 10'T ,18083.91,VIGROMEN BULLET
DICLONAC PLUS TAB (WHITE) ,17830.85,DICLONAC PLUS WHITE
MOVEXX SP TAB 10'T ,17778.03,MOVEXX SP
ELOSONE HT CREAM 15GM ,17580.6,ELOSONE HT CREAM 15GM
NICOFLOX 200 MG TAB 10'T ,17513.05,NICOFLOX 200
ZIMTROY O TAB 10'T ,17460.0,ZIMTROY O
ORS APPLE (CIPLA) 200ML ,17411.07,ORS APPLE CIPLA
RANISH 150MG TAB 10'T ,17406.1,RANISH 150MG
LUPICEFF O 200DT 10'T ,17319.5,LUPICEFF O 200DT
OMEE D CAP 20'C ,17274.75,OMEE D
C ONE 1GM INJ ,17274.17,C ONE 1GM INJ
LABCHLOR 250MG CAPS 10'C ,17028.940000000002,LABCHLOR 250MG
MIGRAFEN TAB 10'T ,17020.0,MIGRAFEN
MECOFOL PLUS D3  10'T ,16933.75,MECOFOL PLUS D3
CHESTON COLD SYP 60ML ,16913.7,CHESTON COLD
DOLOFAB SP TAB ,16678.23,DOLOFAB SP
ETHAMCIP 250 TAB 10'T ,16650.0,ETHAMCIP 250
PREGAHEM NTM TAB 10'T ,16613.3,PREGAHEM NTM
AMISULIDE 200 TAB 10'T ,16566.0,AMISULIDE 200
PENTAB 40MG 15'T ,16246.85,PENTAB 40MG
ALCECOST SP TAB 10'T ,16024.8,ALCECOST SP
ESOTREAT DSR CAP ,15808.07,ESOTREAT DSR
ENDURA MASS WEIGHT GAINER CHOCO 500GM ,15744.77,ENDURA MASS WEIGHT GAINER CHOCO 500GM
TONODERM 5 CREAM 15GM ,15637.3,TONODERM 5 CREAM 15GM
LYCOBERI SYP 200ML ,15550.69,LYCOBERI
AZIVISTA 500 MG TAB 3'T ,15503.5,AZIVISTA 500
CIPMOX 500MG CAP ORANGE 15'C ,15494.92,CIPMOX 500MG ORANGE
AMLIP 10MG TAB 10'T ,15473.84,AMLIP 10MG
VIBEL MULTIVITAMIN  SYRUP 200ML ,15457.1,VIBEL MULTIVITAMIN
NICOTEX 4 TIN PACK 30'T ,15445.09,NICOTEX 4 TIN PACK
OPTINEURON FORTE INJECTION ,15271.26,OPTINEURON FORTE INJECTION
CYPROHEPTADINE TAB 10'T ,15264.64,CYPROHEPTADINE
VIGROMEN TAB BLUE (36*4) ,15171.38,VIGROMEN BLUE 364
DICLOLAB PLUS TAB WHITE 10'T ,15166.98,DICLOLAB PLUS WHITE
RABEFRESH DSR CAP,15138.43,RABEFRESH DSR
FEROZ 300MG TAB 6'T ,15052.5,FEROZ 300MG
COLDTREAT PRO TAB ,15036.71,COLDTREAT PRO
CIPLADINE CREAM 20GM ,15021.92,CIPLADINE CREAM 20GM
CIPLADINE POWDER 10GM ,14764.77,CIPLADINE POWDER 10GM
KT5 DERM 15GM ,14759.46,KT5 DERM 15GM
TROFLOX OZ TAB 10'T ,14754.15,TROFLOX OZ
RICH DAY CAL K27 TAB 10'T ,14700.0,RICH DAY CAL K27
NEULAB ACTIVE GOLD ,14535.14,NEULAB ACTIVE GOLD
VEECEE Z TAB 10'T ,14492.55,VEECEE Z
HISTAC 150 TAB ,14365.95,HISTAC 150
WELTIVE 4G CAP 10'C ,14350.38,WELTIVE 4G
MELACARE GLOW FACE WASH 100ML ,14125.14,MELACARE GLOW FACE WASH
UDIVIN 300 TAB 15'T ,14112.0,UDIVIN 300
MOXI D DROP 10ML ,14032.09,MOXI D DROP
DICLOSPIN MR TAB 10'T ,13984.53,DICLOSPIN MR
CIPZOX TAB 6'T ,13979.72,CIPZOX
NICOTEX 4MG(MINT PLUS) 9S ,13918.17,NICOTEX 4MGMINT PLUS 9S
KETOMAC SHAMPOO 110ML ,13898.42,KETOMAC SHAMPOO
MAGENTA 20ML INJ ,13817.0,MAGENTA INJ
NICOGYL TZ TAB 10'T ,13748.4,NICOGYL TZ
TOREX JUNIOR SYP 60ML ,13718.67,TOREX JUNIOR
RIFACLEAN 400 TAB 10'T ,13662.0,RIFACLEAN 400
MAHANAC S TAB 10'T ,13602.75,MAHANAC S
DENTOSYS TOOTHPASTE 100GM ,13596.92,DENTOSYS TOOTHPASTE 100GM
CLOBET GM RC CREAM ,13576.26,CLOBET GM RC CREAM
CEFOGEN CV TAB 10'T ,13566.0,CEFOGEN CV
TILLASMI OIL 100ml ,13550.0,TILLASMI OIL
CIPCAL D3 CAP 4'C ,13492.58,CIPCAL D3
MECODILA D3  10'T ,13490.0,MECODILA D3
VITAMIN E CAP (LUPIN) ,13422.5,VITAMIN E LUPIN
ALKACETRAL SYP 100ML ,13405.0,ALKACETRAL
FESTIVE EYE DROP 10ML ,13359.3,FESTIVE EYE DROP
MOXI EYE DROP 10ML ,13248.21,MOXI EYE DROP
TRIMZOLE DS TAB 10'T ,13037.0,TRIMZOLE DS
MAHAGESIC SP TAB 10'T ,13036.52,MAHAGESIC SP
MAHANAC P TAB 10'T ,12957.5,MAHANAC P
CEFOGEN 500 TAB 10'T ,12892.5,CEFOGEN 500
AZILUP 250 MG TAB 6'T ,12872.78,AZILUP 250
FASTAC ADVANCE PAIN RELIFE TAB 15'T ,12871.43,FASTAC ADVANCE PAIN RELIFE
ROSUBEST GOLD 20MG CAP 10C ,12864.0,ROSUBEST GOLD 20MG 10C
MONTAS FX TAB 10'T ,12843.75,MONTAS FX
C TRI T 500MG TAB 10'T ,12840.1,C TRI T 500MG
OMEZOL CAP 20'C ,12823.82,OMEZOL
ELOSONE HT CREAM 25GM ,12794.6,ELOSONE HT CREAM 25GM
VIGROMEN TAB BLUE 10'T ,12790.17,VIGROMEN BLUE
LULIFRESH LOTION ,12754.8,LULIFRESH LOTION
OFRAMAX FORTE INJ 1.5GM ,12750.35,OFRAMAX FORTE INJ 15GM
LIVOLUP 300 TAB 15'T ,12710.31,LIVOLUP 300
DERMIFORD CREAM 15GM ,12700.8,DERMIFORD CREAM 15GM
PROTITAS CHOC POWDER 220GM ,12667.0,PROTITAS CHOC POWDER 220GM
PLAYGARD MORE PLAY (COMBO) 10'S ,12641.48,PLAYGARD MORE PLAY COMBO 10S
VILDAWICK MET 500 TAB 15'T ,12634.33,VILDAWICK MET 500
VIGORE SPRAY 15GM ,12444.4,VIGORE SPRAY 15GM
TOREX  SYP 100ml ,12439.22,TOREX
NORLUT N TAB 10'T ,12438.0,NORLUT N
GEMSOLINE CAP 15'C ,12427.0,GEMSOLINE
CENPRIM SS TAB 10 T ,12408.0,CENPRIM SS 10 T
VEMOX 250MG CAP 10'C ,12372.87,VEMOX 250MG
ORASORE TAB 10'T ,12356.04,ORASORE
AMOXYVON-625 TAB 6'T ,12309.07,AMOXYVON-625
ITRATEK T TAB 10'T ,12293.75,ITRATEK T
KENATROY 40MG INJ 1ML ,12285.9,KENATROY 40MG INJ
FCN 150 MG TAB 2'T ,12261.32,FCN 150
FASTRIL SP TAB 10T ,12250.0,FASTRIL SP 10T
FESTIVE D E/E DROP 10ML ,12208.49,FESTIVE D EE DROP
AMLIP 2.5MG TAB 10'T ,12170.57,AMLIP 25MG
AZY 500MG TAB 6*5*5'T ,12166.0,AZY 500MG 65
LUPIMOX 250 CAP 10C ,12089.51,LUPIMOX 250 10C
RABENESS DSR CAP 10'C' ,12021.15,RABENESS DSR
LULITEC 10GM (CIPLA) ,11946.69,LULITEC 10GM CIPLA
MOVEXX MR TAB ,11904.0,MOVEXX MR
CELCAL XT TAB (BLISTER) 15'T ,11892.56,CELCAL XT BLISTER
CEFIX O  TAB 10'T ,11875.94,CEFIX O
KETOCIP CT SOAP 75GM ,11834.02,KETOCIP CT SOAP 75GM
MULTIPREX SOFT GEL CAP 1'C ,11811.56,MULTIPREX SOFT GEL
ACECLODUS SP TAB 10'T ,11800.0,ACECLODUS SP
GLYCERIN BHANDARI 50ML ,11777.91,GLYCERIN BHANDARI
URINOL 200 TAB 15'T ,11765.25,URINOL 200
LUPISULIDE P AMBER TAB 10'T ,11763.64,LUPISULIDE P AMBER
LIPVAS 10 MG TAB 10'T ,11635.39,LIPVAS 10
TROFLOCIN 200MG ALU-ALUTAB ,11625.0,TROFLOCIN 200MG ALU-ALUTAB
PANTOLUP DSR CAP 10C ,11595.0,PANTOLUP DSR 10C
NICOSIP 2MG TAB 10'T ,11535.0,NICOSIP 2MG
LULITEC 20GM (CIPLA) ,11521.77,LULITEC 20GM CIPLA
ACEMIZ PLUS  10'T ,11515.3,ACEMIZ PLUS
RIFACLEAN 550 TAB 10'T ,11484.0,RIFACLEAN 550
DSP TAB 10'T ,11462.64,DSP
LHIST MONT TAB 15'T ,11454.0,LHIST MONT
EASYLAX L SYRUP 200ML ,11451.24,EASYLAX L
ALERTRIZ 5MG TAB 10'T ,11427.8,ALERTRIZ 5MG
LEVEHEM 500 TAB 10'T ,11391.22,LEVEHEM 500
LUPIMOX 500 CAPS ,11387.64,LUPIMOX 500
L QUIN 500 MG TAB 10'T ,11380.72,L QUIN 500
RONEMOX 500 (ORANGE) 10'C ,11365.7,RONEMOX 500 ORANGE
CALCIQUICK D3 60 K CAP 4'C ,11346.08,CALCIQUICK D3 60 K
RONEMOX 250DT TAB ,11335.36,RONEMOX 250DT
OMETEK D CAP ,11325.75,OMETEK D
KETOCIP 2% SHAMPOO 100ML ,11310.35,KETOCIP 2 SHAMPOO
REXCOF DX  SYRUP 60ML ,11268.72,REXCOF DX
PREVENT N TAB 10'T ,11191.009999999998,PREVENT N
AQUA EAR DROP ,11151.58,AQUA EAR DROP
ONVIN 4 MD TAB 10'T ,11129.15,ONVIN 4 MD
DERMA RX NF CREAM 20GM ,11126.14,DERMA RX NF CREAM 20GM
PLAYGARD MORE PLAY (ULTRA THIN) 3'S ,11081.14,PLAYGARD MORE PLAY ULTRA THIN 3S
OMNIGEL OINT 75GM ,11044.72,OMNIGEL OINT 75GM
CEFABLAST 500MG  10'T ,10958.6,CEFABLAST 500MG
CLINSOL ANTI ACNE FACE WASH 70GM ,10924.37,CLINSOL ANTI ACNE FACE WASH 70GM
MONTAS L TAB 10'T ,10882.3,MONTAS L
MEGAMENTIN 625 TAB 10'T ,10864.63,MEGAMENTIN 625
ORS APPLE (RANBAXY) 200ML ,10807.7,ORS APPLE RANBAXY
VIGORE 100MG TAB 4'T ,10795.8,VIGORE 100MG
CASTOR NF BADI 25GM CREAM ,10761.6,CASTOR NF BADI 25GM CREAM
FOOT AND CALF MASSAGER ,10714.29,FOOT AND CALF MASSAGER
DERMINA FACEWASH 60GM ,10700.0,DERMINA FACEWASH 60GM
MECOFOL PLUS ING,10639.0,MECOFOL PLUS ING
SUMO SPRAY 55GM ,10635.0,SUMO SPRAY 55GM
GLONIM P TAB 10'T ,10633.07,GLONIM P
DYDROTUF 10MG TAB ,10557.5,DYDROTUF 10MG
MUPICIP CREAM 5GM ,10542.55,MUPICIP CREAM 5GM
REXIGUT 200 MG TAB 10'T ,10493.72,REXIGUT 200
OMNIGEL SPRAY 35GM ,10475.1,OMNIGEL SPRAY 35GM
ALFAKIM 500 MG INJ ,10465.01,ALFAKIM 500 INJ
IBUWAY TAB 20'T ,10431.62,IBUWAY
MEDILICE LICE FORMULA 30GM ,10428.92,MEDILICE LICE FORMULA 30GM
PODOXIM 100 SYRUP 30ML ,10407.74,PODOXIM 100
SITAWICK MET TRIO TAB 10'T ,10389.61,SITAWICK MET TRIO
DOLOFRESH BLISTER TAB 10'T ,10335.65,DOLOFRESH BLISTER
NICIP COLD & FLU TAB 10'T ,10332.0,NICIP COLD FLU
NORPEX TZ TAB 60'T ,10331.96,NORPEX TZ
MONOCAN 200 (GENRX) ,10331.84,MONOCAN 200 GENRX
FLOXIP 250MG TAB ,10294.5,FLOXIP 250MG
KETOFORD CREAM 15GM ,10289.94,KETOFORD CREAM 15GM
PODOXIM OF TAB 10'T ,10257.0,PODOXIM OF
ITROMED SB 130 TAB 10'T ,10202.3,ITROMED SB 130
ORS ORANGE 4.2GM (CIPLA) ,10198.43,ORS ORANGE 42GM CIPLA
CIPCOZ 500 TAB 10'T ,10151.7,CIPCOZ 500
PANTOSEC LS CAP 10'C ,10112.15,PANTOSEC LS
KETOKEM SHAMPOO 110ML ,10102.0,KETOKEM SHAMPOO
DOLOFAB ALU ALU TAB ,10076.66,DOLOFAB ALU ALU
AZIKEM 500 MG TAB 3'T ,10061.5,AZIKEM 500
HEMO FORTE SYP 300ML ,10051.3,HEMO FORTE
SITAWICK MET 500 TAB 15'T ,10041.46,SITAWICK MET 500
AZILUP 500  3'T ,10007.5,AZILUP 500
LEEFORD (H) AMAZON CARD 9000 ,10000.0,LEEFORD H AMAZON CARD 9000
TELKONOL 40 MG TAB 10'T ,9948.3,TELKONOL 40
KETOFORD DT TAB 10'T ,9909.73,KETOFORD DT
ATTACK TAB 10'T ,9870.72,ATTACK
PANOTROY DSR CAP 10'C ,9754.5,PANOTROY DSR
ZEFWAY 200DT  10'T ,9749.8,ZEFWAY 200DT
SENSOBEX KF  50GM ,9734.5,SENSOBEX KF 50GM
KUFFDRYL SYP 100ML ,9685.57,KUFFDRYL
MEFIWAY TAB ,9680.79,MEFIWAY
REXIGUT 550 MG TAB 10'T ,9666.65,REXIGUT 550
DERMINA 50 SPF SUNSCREEN 50GM ,9665.0,DERMINA 50 SPF SUNSCREEN 50GM
WELTIV Q10 PLUS CAP 10'C ,9662.87,WELTIV Q10 PLUS
RABETROY DSR CAP 10'C ,9621.0,RABETROY DSR
TROYFENAC SP TAB 10'T ,9600.0,TROYFENAC SP
REACTIN 100 SR 10'T ,9587.65,REACTIN 100 SR
ITRATEK 100MG CAP 10'C ,9552.0,ITRATEK 100MG
TELMIGEN 40 MG TAB 10'T ,9539.0,TELMIGEN 40
CODIFRESH LC SYP 100ML ,9533.94,CODIFRESH LC
KETOFRESH SHAMPOO ,9522.22,KETOFRESH SHAMPOO
OXYSUPER 250MG  10'C ,9501.74,OXYSUPER 250MG
MUSLI PLUS AUSTRO CAP 10X10 ,9466.8,MUSLI PLUS AUSTRO 10X10
BETANIK TAB 10'T ,9444.19,BETANIK
ACESQUARE TAB ,9435.66,ACESQUARE
DAPAWICK 10 TAB 10'T ,9427.58,DAPAWICK 10
FASTRAN MR TAB 10T ,9395.98,FASTRAN MR 10T
GLYCEROL SYRUP 200ML ,9363.0,GLYCEROL
NFLOX TZ 10'T' ,9349.2,NFLOX TZ
SUMO SPRAY 35GM (14),9337.0,SUMO SPRAY 35GM
NIMUTAL PLUS (G) TAB ,9328.0,NIMUTAL PLUS G
VIGROMEN BLUE 10x10 ,9299.18,VIGROMEN BLUE 10X10
AMIJECT 250MG INJ 2ML ,9265.4,AMIJECT 250MG INJ
ETOLYTE MR  10'T ,9247.0,ETOLYTE MR
CLINSKIN CREAM 15GM ,9215.45,CLINSKIN CREAM 15GM
IBULAB TABLET  10'T ,9151.51,IBULAB
ACEFEN- PLUS  ALU-ALU TAB 10'T ,9141.21,ACEFEN- PLUS ALU-ALU
TROYPOD CV 325 10'T ,9130.0,TROYPOD CV 325
QTAX DT 200MG 10'T ,9108.0,QTAX DT 200MG
MEDISALIC OINT 20GM ,9090.0,MEDISALIC OINT 20GM
LEVODIL 500 TAB ,9058.54,LEVODIL 500
KAYSLIDE PLUS TAB (GOLD) 10'T ,9055.05,KAYSLIDE PLUS GOLD
DOLOFRESH COLD ,9052.48,DOLOFRESH COLD
METRO IV (ZEE) 100ML ,8993.5,METRO IV ZEE
PHENSEDYL DX SYP 100ML ,8991.18,PHENSEDYL DX
ZERODUO P TAB ,8968.27,ZERODUO P
DERMINA TINTED SUNSCREEN SPF-50 ,8947.0,DERMINA TINTED SUNSCREEN SPF-50
CEFLOX EYE DROP 10ML ,8924.07,CEFLOX EYE DROP
WAYFENAC MR TAB ,8911.08,WAYFENAC MR
ITRADILA 100MG 10'C ,8899.8,ITRADILA 100MG
ORALYTE LIQUID (APPLE)200ML ,8885.32,ORALYTE LIQUID APPLE
KUFF-Q DX TAB 10'T ,8835.2,KUFF-Q DX
CEROXITUM CV TAB 10'T ,8798.6,CEROXITUM CV
OKAMET 500 MG TAB 20'T ,8796.26,OKAMET 500
KETOCIP SOAP 75GM ,8787.32,KETOCIP SOAP 75GM
PREGLINE TEST KIT ,8762.19,PREGLINE TEST KIT
AZIKEM 250 MG TAB 6'T (27),8721.0,AZIKEM 250
VILDAWICK MET 1000 TAB 15'T ,8713.39,VILDAWICK MET 1000
FOLITAS TAB 30'T ,8702.4,FOLITAS
AMICET TAB 10'T ,8701.099999999999,AMICET
SMARTWAY ON CELLO OPALWARE DESSERT ,8652.44,SMARTWAY ON CELLO OPALWARE DESSERT
FEROFER TAB 6T ,8650.0,FEROFER 6T
OMEFOL D CAP ,8627.56,OMEFOL D
OPTIBEX TEAR DROP 10ML ,8620.4,OPTIBEX TEAR DROP
EARWEL EAR DROP 5ML ,8610.8,EARWEL EAR DROP
CODIFRESH DX SYP 100ML ,8603.7,CODIFRESH DX
MECOFOL OD TAB 10'T ,8558.64,MECOFOL OD
TELTAN MT50/40 TAB 10'T ,8552.0,TELTAN MT5040
AUSTRO MULTIVITAMIN (BHATA) SYRUP 200ML (26),8507.34,AUSTRO MULTIVITAMIN BHATA
OXYNUT 40MG CAP 15'C ,8506.11,OXYNUT 40MG
GLOBEX GM CREAM 10GM ,8476.24,GLOBEX GM CREAM 10GM
VALU NUT DHA POWDER 200GM ,8473.68,VALU NUT DHA POWDER 200GM
ACCECLOWOC SP TAB 10'T ,8470.0,ACCECLOWOC SP
CHYMONET AP TAB 10'T ,8410.16,CHYMONET AP
XINOCLAV 625MG TAB ,8393.0,XINOCLAV 625MG
LONG DRIVE SPRAY 20GM ,8371.18,LONG DRIVE SPRAY 20GM
MINOXYTOP 10 % SOLUTION 60ML ,8333.5,MINOXYTOP 10 SOLUTION
LEEKUF TAB 10'T ,8327.15,LEEKUF
CEFFOREN 500MG 10'T ,8314.0,CEFFOREN 500MG
HEMO FORTE 450ML SYRUP ,8288.0,HEMO FORTE
GLYCERIN BHANDARI 400ML ,8287.5,GLYCERIN BHANDARI
DERMA KT NEO  CREAM 15GM ,8277.49,DERMA KT NEO CREAM 15GM
VIGROMEN BLUE 12x4'T ,8257.25,VIGROMEN BLUE 12X
TOOTH BRUSH COLGATE SUPER FLEXI 11+2 ,8253.09,TOOTH BRUSH COLGATE SUPER FLEXI 112
CITIHEM PLUS TAB 10'T ,8221.26,CITIHEM PLUS
TRANTAS MF  TAB 10'T ,8220.0,TRANTAS MF
ITRADILA 200 MG 10'C ,8215.0,ITRADILA 200
FOURDERM CREAM 10GM ,8197.2,FOURDERM CREAM 10GM
SUMO SPRAY 75GM ,8196.5,SUMO SPRAY 75GM
SKINSHINE SUNSCREEN LOTION 50SPF ,8188.0,SKINSHINE SUNSCREEN LOTION 50SPF
MINOLAST FX TAB 10'T ,8187.5,MINOLAST FX
NARI JIWAN SYP 400ML ,8170.0,NARI JIWAN
CIFTOX 100 DS 30ML WITH WATER ,8096.24,CIFTOX 100 DS WITH WATER
WINOFIT GOLD CAP 15'C ,8067.75,WINOFIT GOLD
DOLO 500 TAB  15'T ,8045.599999999999,DOLO 500
KETOKEM SOAP 75GM ,8034.0,KETOKEM SOAP 75GM
SHAGUN OIL BOTTLE ,7987.08,SHAGUN OIL BOTTLE
RASPAR 150 TAB ,7977.059999999999,RASPAR 150
PANTIMO DSR CAP 15'C ,7926.93,PANTIMO DSR
NOVOBIOTIC CAPS 10'C ,7913.25,NOVOBIOTIC
RABALKEM LS CAP 10'C ,7910.0,RABALKEM LS
APP UP PLUS SYP 200ML ,7906.8,APP UP PLUS
OFRAMAX INJ 1GM ,7846.8,OFRAMAX INJ 1GM
NAPROWEL FORTE  10'T ,7837.5,NAPROWEL FORTE
RIFAFORD 550 TAB ,7837.42,RIFAFORD 550
NIMFRESH COLD TAB 10'T ,7826.66,NIMFRESH COLD
CEFITAXE 200DT TAB 10'T ,7826.0,CEFITAXE 200DT
ALDIGESIC TH TAB 10'T ,7821.559999999999,ALDIGESIC TH
NEDOLIDE P TAB ,7818.76,NEDOLIDE P
RABESEC LS CAP 10'C ,7816.55,RABESEC LS
OLIGRO OIL 100ML ,7800.0,OLIGRO OIL
GLIMP MP2 TAB 10'T ,7793.5,GLIMP MP2
CLINCITOP GEL 20GM ,7679.2,CLINCITOP GEL 20GM
ZATURA TAB  500MG 3'T ,7668.03,ZATURA 500MG
ITRACIP 200MG CAP 10'C ,7639.04,ITRACIP 200MG
CLOPICARD TAB 15'T ,7638.12,CLOPICARD
PARALUP 650 TAB 15'T ,7636.0,PARALUP 650
URSOLID 300MG TAB 10'T ,7614.3,URSOLID 300MG
ANGLOKOLD TOTAL TAB 10'T ,7612.0,ANGLOKOLD TOTAL
ALBD TAB BLISTER  6Tab ,7599.45,ALBD BLISTER 6TAB
DIKART 5 AF LOTION 25ML ,7597.0,DIKART 5 AF LOTION
PARACIP 250 MG SYP 60ML ,7595.47,PARACIP 250
NEURODAN FORTE TAB 30'T ,7592.55,NEURODAN FORTE
ZYNAC 3ML INJ ,7559.05,ZYNAC INJ
ROXIKAA 150MG TAB ,7550.5,ROXIKAA 150MG
TILLASMI OIL 50ml ,7548.0,TILLASMI OIL
COLDTROY TAB 10'T ,7520.56,COLDTROY
MAXIMIZIN 625 TAB ,7498.0,MAXIMIZIN 625
EVOXIL HP KIT 1'T ,7481.07,EVOXIL HP KIT
PREGAMONTH HCG CARD ,7477.390000000001,PREGAMONTH HCG CARD
MACHINE GUN 200 TAB 4'T ,7476.650000000001,MACHINE GUN 200
KETOCIP 1% SHAMPOO 100ML ,7471.23,KETOCIP 1 SHAMPOO
BACIPEN 500MG CAP 10'C ,7449.75,BACIPEN 500MG
HEM NARI SYRUP ,7448.0,HEM NARI
AUSTRO SHILAJEET MALT 400GM ,7438.2,AUSTRO SHILAJEET MALT 400GM
SLIM TRIM ACTIVE 120 MG 10'C ,7434.0,SLIM TRIM ACTIVE 120
MONTAS L SYRUP 60ML ,7342.5,MONTAS L
VONOVIA 20MG TAB 15'T ,7339.82,VONOVIA 20MG
CENITRA OC CREAM 15GM ,7334.4,CENITRA OC CREAM 15GM
QUARD DERM 15GM ,7327.93,QUARD DERM 15GM
FEROZ 200 TAB 6'T ,7314.65,FEROZ 200
TRIOZONE SUNSCREEN 50SPF ,7310.0,TRIOZONE SUNSCREEN 50SPF
MEGACLAV DS SYP ,7310.0,MEGACLAV DS
CREMAZEN PLUS SYP 225ML ,7301.5,CREMAZEN PLUS
TOREX SUGARFEE SYP 100ML ,7298.0,TOREX SUGARFEE
ETHERTEK SUPRA INJ 2ML ,7277.25,ETHERTEK SUPRA INJ
ERYTHROMYCIN 500 MG TAB ,7252.5,ERYTHROMYCIN 500
CEFPOD-50-D/S WITH WATER 30ML ,7248.83,CEFPOD-50-DS WITH WATER
KOLD CARE DS SYP 60ML ,7245.84,KOLD CARE DS
CEFIX 100 MG TAB 10'T ,7242.45,CEFIX 100
PILOGO H CREAM 30GM ,7238.2,PILOGO H CREAM 30GM
KETODILA SHAMPOO ,7224.24,KETODILA SHAMPOO
DEFLAWAL TAB 10'T ,7197.12,DEFLAWAL
RBC RED GOLD CAP 15'C ,7176.5,RBC RED GOLD
CPDX 200 MG TAB ,7155.0,CPDX 200
CADCAL JOINT ROSE TAB 10'T ,7140.0,CADCAL JOINT ROSE
VALSACUBE-200  - 7TAB ,7140.0,VALSACUBE-200 - 7TAB
ZEEGOLD WOMEN S/G CAP 15'C ,7118.55,ZEEGOLD WOMEN SG
KETOSCORE 6 CREAM 15GM ,7101.4,KETOSCORE 6 CREAM 15GM
OMNIGEL SPRAY 75GM ,7090.58,OMNIGEL SPRAY 75GM
MOXABERT 500MG CAP YELLOW 10'C ,7078.5,MOXABERT 500MG YELLOW
DICLOKEM PLUS TAB 10'T ,7069.5,DICLOKEM PLUS
CLINSOL SOAP 75GM ,7050.0,CLINSOL SOAP 75GM
FUNTIME DS GOLD  4'TAB ,7040.799999999999,FUNTIME DS GOLD
DOLOFAB BLISTER TAB 10'T ,7033.13,DOLOFAB BLISTER
SCRABIC LOTION 50ML ,7030.8,SCRABIC LOTION
DOXIRICH LB CAP 10C ,7029.5,DOXIRICH LB 10C
CALCIDOC D3 6L INJECTION 1ML ,7028.29,CALCIDOC D3 6L INJECTION
CRONODOL TAB ,7022.94,CRONODOL
AMIZ 500MG INJ 2ML ,7010.0,AMIZ 500MG INJ
DEFLAGEN TAB 10'T ,7007.4,DEFLAGEN
TELVILITE AM 40 TAB ,7007.1900000000005,TELVILITE AM 40
SUMO GEL 30GM' ,7000.0,SUMO GEL 30GM
LULITEC 30GM (CIPLA) ,6988.139999999999,LULITEC 30GM CIPLA
CRITICOLD ADVANCE TAB 10'T ,6987.879999999999,CRITICOLD ADVANCE
FARO XT TAB 10'T ,6969.0,FARO XT
ITRADUS 200MG TAB 10'T ,6901.0,ITRADUS 200MG
CEFFOREN CV 10'T ,6900.0,CEFFOREN CV
EVOXIL 250MG CAPS 10'C ,6878.74,EVOXIL 250MG
FERRORANGE SYRUP 200ML ,6837.3,FERRORANGE
CRITICOLD PLUS TAB 10'T ,6799.76,CRITICOLD PLUS
STICKOBAND  100's (RED) ,6781.0,STICKOBAND 100S RED
SMARTVITA E 400 CAP ,6779.780000000001,SMARTVITA E 400
NICOTEX 4MG (MINT PLUS) 12'T ,6761.679999999999,NICOTEX 4MG MINT PLUS
TICAVUE 90 TAB 14'T ,6748.080000000001,TICAVUE 90
BREATHBLISS SOF CAP ,6716.26,BREATHBLISS SOF
WAYFENAC GEL 30GM ,6697.709999999999,WAYFENAC GEL 30GM
ATORBEST 20 MG TAB 10'T ,6674.85,ATORBEST 20
LACTOMED SOL 200ML ,6672.72,LACTOMED SOL
CETRIZOLE TAB 10'T ,6672.34,CETRIZOLE
LEEFORD (H) AMAZON CARD 6000 ,6670.0,LEEFORD H AMAZON CARD 6000
CLOCIP POWDER 100GM ,6655.74,CLOCIP POWDER 100GM
CALCIQUICK SUPER 15'T ,6649.2,CALCIQUICK SUPER
